roi2px,mean,std
7,19.686,9.272895914408604
4,22.466,14.56343645821923
2,24.0236,21.930933162356514
3,23.3864,18.143405642473052
5,21.5852,12.24334516218113
6,20.7424,10.681202061144074
